{
    "SAT2-(n=6)(OPT-version)": {
        "sol": [
            [[5,3],[2,6],[4,5],[3,1],[1,4]],
            [[2,4],[1,5],[6,3],[4,6],[3,2]],
            [[6,1],[4,3],[1,2],[5,2],[6,5]]
        ],
        "time": 0.06823951400110673,
        "optimal": true,
        "obj": 6
    },
    "SAT2-(n=8)(OPT-version)": {
        "sol": [
            [[7,6],[3,8],[6,5],[5,8],[3,4],[7,1],[2,1]],
            [[5,3],[2,7],[8,2],[1,3],[6,1],[4,5],[4,8]],
            [[2,4],[1,5],[3,7],[4,7],[5,2],[8,6],[3,6]],
            [[1,8],[6,4],[4,1],[6,2],[8,7],[2,3],[7,5]]
        ],
        "time": 0.23739583299902733,
        "optimal": true,
        "obj": 8
    },
    "SAT2-(n=10)(OPT-version)": {
        "sol": [
            [[5,2],[8,7],[5,4],[8,3],[6,9],[3,1],[10,9],[1,2],[4,6]],
            [[9,8],[4,1],[7,2],[10,5],[3,2],[6,5],[7,3],[10,6],[1,8]],
            [[3,4],[5,9],[8,10],[1,6],[1,7],[4,9],[6,8],[7,5],[2,10]],
            [[7,6],[3,10],[6,3],[2,9],[10,4],[2,8],[5,1],[8,4],[9,7]],
            [[1,10],[2,6],[9,1],[4,7],[8,5],[10,7],[4,2],[9,3],[3,5]]
        ],
        "time": 0.9448125130002154,
        "optimal": true,
        "obj": 10
    },
    "SAT2-(n=12)(OPT-version)": {
        "sol": [
            [[4,5],[3,7],[11,9],[2,7],[9,4],[8,5],[8,10],[1,12],[2,12],[10,11],[6,1]],
            [[7,9],[10,1],[1,2],[3,5],[8,12],[6,10],[12,11],[5,9],[3,4],[6,7],[2,4]],
            [[10,2],[2,5],[8,3],[4,11],[11,1],[4,12],[1,9],[3,6],[6,8],[12,5],[7,10]],
            [[1,3],[9,12],[6,4],[12,10],[5,7],[11,3],[5,6],[10,4],[7,11],[8,2],[9,8]],
            [[11,8],[4,8],[10,5],[9,6],[6,2],[7,1],[4,7],[11,2],[5,1],[9,3],[12,3]],
            [[12,6],[11,6],[7,12],[1,8],[3,10],[2,9],[3,2],[7,8],[9,10],[1,4],[5,11]]
        ],
        "time": 9.224983258000066,
        "optimal": true,
        "obj": 12
    },
    "SAT2-(n=14)(OPT-version)": {
        "sol": [
            [[4,13],[7,5],[2,7],[11,12],[9,8],[14,9],[4,1],[1,6],[5,8],[3,6],[10,11],[12,13],[10,2]],
            [[2,12],[14,8],[4,8],[13,1],[5,3],[6,10],[10,14],[7,11],[3,12],[13,7],[1,9],[5,4],[11,6]],
            [[7,10],[12,10],[3,14],[3,8],[12,1],[11,4],[2,13],[9,5],[6,13],[2,5],[8,7],[6,9],[1,14]],
            [[14,6],[1,3],[1,11],[2,9],[6,4],[12,7],[7,3],[13,8],[9,10],[8,11],[4,12],[14,2],[13,5]],
            [[8,1],[6,2],[13,9],[14,5],[2,11],[3,13],[11,9],[12,14],[4,7],[1,10],[5,6],[8,10],[4,3]],
            [[11,5],[9,4],[12,6],[6,7],[10,13],[8,2],[5,12],[10,3],[1,2],[4,14],[13,14],[11,3],[9,7]],
            [[3,9],[11,13],[10,5],[10,4],[7,14],[5,1],[6,8],[2,4],[14,11],[9,12],[3,2],[7,1],[8,12]]
        ],
        "time": 170.1159635089998,
        "optimal": true,
        "obj": 14
    },
    "SAT2-(n=14)": {
        "sol": [
            [[4,13],[7,5],[2,7],[12,11],[9,8],[9,14],[1,4],[1,6],[5,8],[6,3],[10,11],[12,13],[10,2]],
            [[2,12],[14,8],[4,8],[13,1],[3,5],[10,6],[14,10],[7,11],[3,12],[13,7],[1,9],[5,4],[11,6]],
            [[7,10],[12,10],[3,14],[8,3],[12,1],[4,11],[13,2],[9,5],[6,13],[2,5],[8,7],[6,9],[1,14]],
            [[14,6],[1,3],[1,11],[9,2],[4,6],[12,7],[3,7],[13,8],[9,10],[8,11],[4,12],[2,14],[13,5]],
            [[1,8],[6,2],[13,9],[5,14],[11,2],[13,3],[11,9],[12,14],[4,7],[1,10],[5,6],[8,10],[4,3]],
            [[11,5],[9,4],[12,6],[7,6],[10,13],[8,2],[5,12],[10,3],[1,2],[4,14],[13,14],[11,3],[9,7]],
            [[9,3],[13,11],[10,5],[4,10],[7,14],[5,1],[8,6],[2,4],[14,11],[9,12],[3,2],[7,1],[8,12]]
        ],
        "time": 78.36506998000004,
        "optimal": false,
        "obj": 44
    }
}
